{
    "EfficientNet": {
        "accuracy": 0.9414380350282827,
        "precision": 0.9593813516260162,
        "recall": 0.9209499420767027,
        "f1_score": 0.9397729040286203
    },
    "XceptionNet": {
        "accuracy": 0.8160107686257903,
        "precision": 0.7927815452714014,
        "recall": 0.85177733065057,
        "f1_score": 0.8212212506429568
    }
}